{"gunOwnership":{"Democratic":0.3764090909,"Republican":0.4917857143},"totalGuns":{"Democratic":2008712,"Republican":3146865}}